attacker_id,n_positive,n_negative,n_total,positive_ratio,negative_ratio,intensity,longevity,similarity_median,log_affect_ratio,log_affect_ratio_z,intensity_scaled,longevity_scaled,similarity_scaled,saints_naive
JPN-2001-IKEDA,2,17,30,0.06666666666666667,0.5666666666666667,0.0,0.0,0.5069500207901001,-2.140052928313095,0.4415135085709692,0.0,0.0,0.6423760605457531,0.2836177083135528
FIN-2007-JOKELA,8,72,130,0.06153846153846154,0.5538461538461539,0.0,0.0,0.6064196825027466,-2.1972101330221747,0.42819334003219334,0.0,0.0,0.7684179321590592,0.3290314409118189
JPN-2008-AKIHABARA,55,567,1014,0.054240631163708086,0.5591715976331361,0.0,0.0,0.47954005002975464,-2.3330094706597815,0.3965460599737318,0.0,0.0,0.6076438220318597,0.24095876349411346
FIN-2008-KAUHAJOKI,56,428,770,0.07272727272727272,0.5558441558441558,0.0,0.0,0.5236818790435791,-2.03375955400498,0.46628458804460166,0.0,0.0,0.6635776479798131,0.3094160302238729
DEU-2009-WINNENDEN,4,80,129,0.031007751937984496,0.6201550387596899,0.0,0.0,0.5528398752212524,-2.995701636572711,0.24210933788041977,0.0,0.0,0.7005248773907714,0.1696036142338419
NOR-2011-BREIVIK,51,894,1218,0.04187192118226601,0.7339901477832512,0.0,0.0,0.6057507991790771,-2.8638576227966053,0.2728348517201028,0.0,0.0,0.7675703641211806,0.20941994647974763
USA-2012-AURORA,70,706,1090,0.06422018348623854,0.6477064220183486,0.0,99.99999999944436,0.5356799960136414,-2.3111059680447017,0.40165054938862504,0.0,0.9999999999944438,0.6787809279820185,0.6742832820248919
USA-2012-OAKCREEK,42,1233,1814,0.023153252480705624,0.6797133406835723,0.0,99.99999999989089,0.4842481017112732,-3.37949416654482,0.15266862416511778,0.0,0.9999999999989091,0.6136095771714022,0.2463475540862489
USA-2012-SANDYHOOK,24,739,1114,0.02154398563734291,0.6633752244165171,0.0,0.8056343737880176,0.5615338087081909,-3.4271991824521635,0.14155123563527142,0.0,0.008056343737880178,0.7115412981718225,0.10185993537254599
USA-2014-ISLAVISTA,50,838,1224,0.04084967320261438,0.684640522875817,0.07011656658424585,1.425410102017616,0.5506289005279541,-2.8189720759730257,0.283295178667306,0.5466989280716109,0.014254101020176163,0.6977232654858467,0.35657692575667344
FRA-2015-HEBDO,9,108,181,0.049723756906077346,0.5966850828729282,0.004633920296570899,0.5447729975010183,0.5763205289840698,-2.4848882148036364,0.3611515636936783,0.03613068041289117,0.005447729975010184,0.730278125728131,0.2787571949654912
DNK-2015-COPENHAGEN,1,29,51,0.0196078431372549,0.5686274509803921,0.002488290398126464,0.46499604848287834,0.6221753358840942,-3.367246589906073,0.155522853756121,0.019401202307191535,0.004649960484828785,0.7883825324852618,0.12635200677715372
USA-2015-CHARLESTON,42,1339,1754,0.02394526795895097,0.7633979475484607,0.12825444313851195,99.99999999999986,0.5191045999526978,-3.4619682763069743,0.13344849176520548,1.0,0.9999999999999988,0.6577775998688845,0.3546764121498503
AUT-2015-GRAZ-SUV,0,2,3,0.0,0.6666666666666666,0.0,0.0,0.0,-13.410046949854983,-2.1848958926936835,0.0,0.0,0.0,-0.0
SWE-2015-TROLLHATTAN,4,93,186,0.021505376344086023,0.5,0.0019433198380566803,3.9589063267896822,0.5652427673339844,-3.1462606331124565,0.20702240143652093,0.015152066396311416,0.03958906326789683,0.7162410636971323,0.15961058513446083
FRA-2015-BATACLAN,1,51,72,0.013888888888888888,0.7083333333333334,0.0,99.99999998095416,0.48612460494041443,-3.931755047079911,0.02396729869719043,0.0,0.9999999998095418,0.6159873672937074,0.038730851918249896
USA-2015-SANBERN,82,530,1031,0.07953443258971872,0.5140640155189137,0.0031621522245373207,99.99999999608688,0.5503286123275757,-1.8661471314713514,0.5053457305323097,0.024655303529112566,0.9999999999608691,0.6973427586443897,0.8702043686845155
TUR-2016-ANKARA,0,8,8,0.0,1.0,0.0,0.0,0.7891795039176941,-13.815511557963774,-2.2793871636368173,0.0,0.0,1.0,-2.2793871636368173
BEL-2016-BRUSSELS,29,384,523,0.055449330783938815,0.734225621414914,0.00013810247203424942,15.59428109630297,0.5980291962623596,-2.583330050259353,0.33821024166418634,0.0010767850895044768,0.15594281096302973,0.7577860211695638,0.3093966288764409
USA-2016-PULSE,27,645,1034,0.02611218568665377,0.6237911025145068,0.04167182334117148,1.0105487480451893,0.6039040088653564,-3.173376758327922,0.2007031393272741,0.3249152413079899,0.010105487480451895,0.7652302243880112,0.2208238203503398
FRA-2016-MAGNANVILLE,16,356,557,0.02872531418312388,0.6391382405745063,0.000501109599828191,4.5904270058066174,0.6170283555984497,-3.102308761323708,0.2172651406117592,0.003907151967335773,0.04590427005806618,0.7818605938640818,0.1806933374750939
FRA-2016-NICE,2,45,76,0.02631578947368421,0.5921052631578947,0.0004886575074708215,3.1859903889356254,0.6638749837875366,-3.113478998819819,0.21466197891370786,0.0038100629928515014,0.03185990388935626,0.8412217758974823,0.18823531679817837
DEU-2016-MUNICH,0,3,4,0.0,0.75,0.00012270691453463402,0.0,0.0,-13.527829818844937,-2.2123445349761757,0.0009567459148539071,0.0,0.0,-0.002116651596087823
JPN-2016-SAGAMIHARA,26,76,152,0.17105263157894737,0.5,0.0002881097121783975,10.320930900720711,0.5662019848823547,-1.0726329561260917,0.6902697940393483,0.0022463916658797185,0.10320930900720714,0.717456525507289,0.5680314528779896
DEU-2016-BERLIN,79,683,1014,0.07790927021696252,0.6735700197238659,0.00200769047538027,5.661995035205689,0.4990561604499817,-2.1570356563686497,0.4375557782883291,0.01565396430915075,0.0566199503520569,0.632373443522717,0.3083225232289821
TUR-2017-REINA,0,10,12,0.0,0.8333333333333334,0.0,99.99999999999905,0.7176312208175659,-13.6331902011696,-2.2368981858591663,0.0,0.9999999999999907,0.909338391652414,-4.270995584478523
MEX-2017-MONTERREY,21,296,536,0.03917910447761194,0.5522388059701493,0.0,99.99999999914839,0.5609436631202698,-2.645813303926012,0.3236488670496091,0.0,0.999999999991484,0.71079350177697,0.5536963786031937
AUS-2017-BOURKE1,1,34,52,0.019230769230769232,0.6538461538461539,0.0005368921613744439,99.99999999999538,0.6102848052978516,-3.5263100553787097,0.11845399814568011,0.004186148629522428,0.999999999999954,0.7733155793684932,0.2105521863922147
CAN-2017-QUEBEC,31,442,632,0.0490506329113924,0.6993670886075949,0.004939665514078047,0.5045454791916956,0.6012201905250549,-2.657303720566823,0.3209710893833398,0.038514576128511335,0.005045454791916957,0.7618294539334083,0.25850674033142274
UK-2017-MANCHESTER,23,664,1015,0.022660098522167486,0.6541871921182266,0.006136383279075798,1.1526661352986507,0.5477423667907715,-3.36274533269951,0.15657184670343136,0.047845385539186665,0.011526661352986509,0.6940656264786841,0.11796712789561184
UK-2017-LONDONBRIDGE,2,51,84,0.023809523809523808,0.6071428571428571,0.00397659489859683,0.36879145547884484,0.6322638988494873,-3.238638100103823,0.18549434673592527,0.03100551373726831,0.003687914554788449,0.8011661424438464,0.1550472250366273
UK-2017-FINSBURY,52,706,1008,0.051587301587301584,0.7003968253968254,0.0031477117289342277,2.0929103070550634,0.5512265563011169,-2.6083535622453295,0.33237865142491874,0.024542710972864847,0.02092910307055064,0.6984805783281037,0.24727389290078755
ESP-2017-BARCELONA,36,819,1022,0.03522504892367906,0.8013698630136986,0.0007061496423198551,14.66255044961161,0.48028457164764404,-3.1245380047734965,0.2120847391077362,0.00550584934946253,0.14662550449611614,0.6085872342900258,0.1613368032991451
USA-2017-LASVEGAS,25,762,1139,0.021949078138718173,0.66900790166813,0.12244835594670578,1.246288492769951,0.5843442678451538,-3.4170266666058096,0.14392188385410004,0.9547299333284249,0.012462884927699511,0.7404453168693759,0.24576649734836425
USA-2017-SUTHERLAND,41,635,1009,0.040634291377601585,0.6293359762140733,0.0073134389567071755,0.48411582982320933,0.5061913728713989,-2.740029911710217,0.3016922108200927,0.057022889638285855,0.004841158298232094,0.6414147483031835,0.212173734860449
ITA-2018-MACERATA,72,1169,1579,0.045598480050664976,0.74034198860038,0.01940400809452314,10.333539173220627,0.5110780000686646,-2.7872172628671334,0.290695461180083,0.15129306727851324,0.1033353917322063,0.6476067834143427,0.2622756898896775
USA-2018-PARKLAND,56,852,1201,0.0466278101582015,0.7094088259783514,0.07046601656294409,1.7638342655696606,0.5865573883056641,-2.7222147995189863,0.30584392359422524,0.5494235898466484,0.01763834265569661,0.7432496477592732,0.40075083483816293
CAN-2018-TORONTO,21,537,829,0.025331724969843185,0.6477683956574186,0.006755222524977293,0.8416960552754402,0.5761682391166687,-3.2414377251345767,0.18484190969942527,0.05267047565503678,0.008416960552754404,0.7300851533224297,0.14624185235060555
USA-2018-SANTAFE,0,115,205,0.0,0.5609756097560976,0.00353820465929872,1.4237586150827422,0.6104475259780884,-13.237434489796222,-2.1446695192806007,0.0275873846762372,0.014237586150827423,0.7735217690622561,-1.7486493006854344
BEL-2018-LIEGE,62,640,1083,0.057248384118190214,0.5909510618651893,0.0033045875450625575,99.99999999999999,0.48185276985168457,-2.3343180159053176,0.3962411107849135,0.025765871841910978,1.0,0.6105743591409065,0.6483852707466735
USA-2018-ANNAPOLIS,6,36,79,0.0759493670886076,0.45569620253164556,0.0018376391741433359,0.5318171912456519,0.6283441185951233,-1.7917484970901043,0.5226839183260797,0.014328074171736307,0.005318171912456519,0.7961992366449689,0.4264293136615103
RUS-2018-KERCH,2,29,53,0.03773584905660377,0.5471698113207547,0.0008483203257550051,4.96511730765918,0.6509852409362793,-2.6741239773621848,0.31705122212390885,0.006614354286649063,0.04965117307659181,0.8248886821117601,0.27937101899367583
USA-2018-PITTSBURGH,55,686,1046,0.052581261950286805,0.655831739961759,0.01563328033916269,1.1631611980059786,0.5723074674606323,-2.5235269492726182,0.3521470216088886,0.1218926998285673,0.011631611980059789,0.7251930196103015,0.3023947506631086
USA-2018-THOUSANDOAKS,0,26,40,0.0,0.65,0.0015202060723787003,0.2560294017293973,0.617739200592041,-13.384729180332174,-2.1789957273726848,0.011853048012823319,0.0025602940172939734,0.7827613331636486,-1.7370402112169234
AUS-2018-BOURKE2,0,10,11,0.0,0.9090909090909091,0.0003564427018356799,0.7915890577583362,0.6613508462905884,-13.720201478159344,-2.2571756798369886,0.002779184043165894,0.007915890577583363,0.8380233432412643,-1.9157065718278639
FRA-2018-STRASBOURG,1,24,47,0.02127659574468085,0.5106382978723404,0.0016292469699980131,2.78364671317104,0.6118241548538208,-3.178008789783827,0.19962367016877333,0.01270323998240328,0.027836467131710407,0.7752661489769631,0.16285415913807888
USA-2019-HASSON,2,124,190,0.010526315789473684,0.6526315789473685,0.003265719148153259,0.3450549012373214,0.5396596193313599,-4.127040921814197,-0.0215429878527351,0.02546281491882784,0.0034505490123732147,0.6838236632506901,-0.015354485118774007
NZL-2019-CHRISTCHURCH,84,1029,2048,0.041015625,0.50244140625,0.07106598984771574,1.9197449970546085,0.5743851065635681,-2.505503546615412,0.35634727531720317,0.554101582047852,0.01919744997054609,0.7278256768101171,0.4636522448389307
NLD-2019-UTRECHT,22,1014,1164,0.018900343642611683,0.8711340206185567,0.01025648550299331,99.99999999999999,0.5658031702041626,-3.8305639710298753,0.04754931595060678,0.07996982601153656,1.0,0.7169511719391688,0.08544236426983773
USA-2019-POWAY,75,935,1208,0.062086092715231786,0.7740066225165563,0.008245036704878313,3.7743345862896107,0.4970199465751648,-2.523043601193196,0.35225966318948315,0.06428655805689208,0.03774334586289611,0.6297932778383466,0.25779178752037646
USA-2019-STEM,76,608,1003,0.07577268195413758,0.6061814556331007,0.0008219997010910178,3.0451616130360035,0.537277102470398,-2.079429994068191,0.4556413460949932,0.006409132354216192,0.03045161613036004,0.6808046836026702,0.3269980435220779
USA-2019-VABEACH,0,136,270,0.0,0.5037037037037037,0.004271222637479978,0.4906934202184617,0.5740194320678711,-13.129745469994099,-2.1195731923898635,0.033302726462795154,0.004906934202184618,0.727362316454353,-1.6226858395470438
AUS-2019-DARWIN,14,234,475,0.029473684210526315,0.4926315789473684,0.00044273907910271547,99.99999999999977,0.5315310955047607,-2.8162318876590446,0.28393376430766387,0.0034520369686106478,0.9999999999999979,0.6735236950099451,0.4761500322332708
JPN-2019-KYOANI,50,444,795,0.06289308176100629,0.5584905660377358,0.0002742230347349177,28.299903003605348,0.502241313457489,-2.1837874476694203,0.43132142217077357,0.0021381172302838893,0.28299903003605353,0.6364094746052469,0.39748279954232385
USA-2019-ELPASO,39,671,1054,0.03700189753320683,0.6366223908918406,0.011462214935161722,0.687533809267855,0.5880671739578247,-2.845182036354828,0.2771870932307069,0.08937089939864917,0.006875338092678551,0.7451627557970082,0.2332277130677692
USA-2019-DAYTON,20,641,1013,0.019743336623889437,0.6327739387956565,0.006990752275292014,1.1355621637861717,0.5357729196548462,-3.467248114991312,0.1322180547364724,0.054506901314460954,0.01135562163786172,0.6788986751368083,0.0984708768545495
USA-2019-CLIMO,2,29,46,0.043478260869565216,0.6304347826086957,0.0005398434454008338,2.9622643509373425,0.5026587247848511,-2.674127235896663,0.31705046274057896,0.004209159793534909,0.02962264350937343,0.6369383927097971,0.21266800103841713
NOR-2019-BAERUM,8,194,253,0.03162055335968379,0.766798418972332,0.0012868908716540837,1.871048308953376,0.5847998857498169,-3.1883862970064127,0.19720524985027152,0.010033889198398142,0.018710483089533762,0.7410226480119122,0.1518020975647298
FIN-2019-KUOPIO,46,882,1345,0.03420074349442379,0.6557620817843867,0.01222778208471351,99.9999999999971,0.5237019062042236,-2.953522945756865,0.2519388470957776,0.09534002710149993,0.9999999999999712,0.6636030251728916,0.443146084697131
DEU-2019-HALLE,11,201,923,0.011917659804983749,0.21776814734561215,0.0019641900556791065,2.3552808757909647,0.6787564754486084,-2.905330321719225,0.26316986998737213,0.015314791500500493,0.02355280875790965,0.8600786919567516,0.23657557884789435
USA-2019-HOLZER,17,73,164,0.10365853658536585,0.4451219512195122,0.0007226035963425142,3.49400489827685,0.5353598594665527,-1.457238696652703,0.6006395661289661,0.0056341408426850235,0.03494004898276851,0.6783752705295639,0.431829491936292
UK-2019-FISHMONGERS,46,833,1208,0.0380794701986755,0.6895695364238411,0.006395228896682358,99.99999999999294,0.5256774425506592,-2.8963674353320137,0.2652586207910409,0.049863605035309795,0.9999999999999296,0.6661063040044229,0.4551758113907888
USA-2020-BASE,,,,0.5,0.5,0.0,0.0,0.0,0.0,0.9402409364100551,0.0,0.0,0.0,0.0
UK-2020-STREATHAM,54,629,1000,0.054,0.629,0.00048670204414858544,19.831432762784928,0.48218774795532227,-2.4551302816129685,0.3680864844527119,0.0037948162436989264,0.1983143276278493,0.610998822906089,0.29929405297167294
DEU-2020-GRUPPES,0,27,28,0.0,0.9642857142857143,0.0,99.99999999504594,0.5287426710128784,-13.779143950829898,-2.2709118951410807,0.0,0.9999999999504596,0.669990374037923,-3.7924010050613206
DEU-2020-HANAU,1,55,117,0.008547008547008548,0.4700854700854701,0.0017374307742425888,0.45013972859599877,0.5996459722518921,-4.007218319346902,0.006381002967718284,0.013546749194226371,0.004501397285959988,0.7598347008191321,0.0049636727571540995
DEU-2020-VOLKMARSEN,0,3,4,0.0,0.75,0.0,0.0,0.0,-13.527829818844937,-2.2123445349761757,0.0,0.0,0.0,-0.0
CAN-2020-NOVASCOTIA,8,332,502,0.01593625498007968,0.6613545816733067,0.00511534894504985,1.2508116362087023,0.6054778099060059,-3.725632191252401,0.07200308339468973,0.039884379986160685,0.012508116362087025,0.7672244488107651,0.05901494725398525
USA-2020-MELZER,0,96,159,0.0,0.6037735849056604,0.0,0.10000000000000042,0.5907861590385437,-13.310956203460506,-2.161803345580408,0.0,0.0010000000000000044,0.7486080873942192,-1.6205052712029542
UK-2020-READING,2,49,56,0.03571428571428571,0.875,0.0006524077372031104,0.6429730141344658,0.615592896938324,-3.1986462607991637,0.19481422237408927,0.005086823670494788,0.00642973014134466,0.7800416684447067,0.15420679953272556
USA-2020-WHITMER,6,937,1028,0.005836575875486381,0.9114785992217899,0.00016595603441672837,99.99999999999943,0.5694960355758667,-5.050753591470775,-0.23680908604374293,0.0012939593386055214,0.9999999999999946,0.7216305450771834,-0.4080041772130704
FRA-2020-PATY,0,15,23,0.0,0.6521739130434783,0.00020848100738022767,2.600364054894912,0.6006135940551758,-13.388068076469493,-2.179773838540103,0.0016255265882295618,0.026003640548949127,0.7610608119870984,-1.7191657832138392
FRA-2020-NICECHURCH,0,3,4,0.0,0.75,0.00010556596553271225,0.0,0.0,-13.527829818844937,-2.2123445349761757,0.0008230979212057656,0.0,0.0,-0.0018209761877298265
AUT-2020-VIENNA,0,1,3,0.0,0.3333333333333333,0.00017980221756068324,0.0,0.0,-12.716901269291665,-2.023362148452316,0.001401918040114219,0.0,0.0,-0.002836587897599566
USA-2021-ATLANTA,123,3374,4143,0.029688631426502535,0.8143857108375573,0.0,0.0,0.4825839698314667,-3.3116374532925534,0.1684822536385689,0.0,0.0,0.6115008910340338,0.10302704822340697
USA-2021-BOULDER,24,209,387,0.06201550387596899,0.5400516795865633,0.0,0.0,0.5078415870666504,-2.1642661484197987,0.4358707523457591,0.0,0.0,0.6435057988019095,0.280485356662647
USA-2021-FEDEX,490,3096,4679,0.10472323145971361,0.661679846120966,0.0,0.0,0.49306729435920715,-1.8434528059747122,0.5106345168196673,0.0,0.0,0.6247847187002346,0.31903664294980605
RUS-2021-KAZAN,,,,0.5,0.5,0.0,0.0,0.0,0.0,0.9402409364100551,0.0,0.0,0.0,0.0
CAN-2021-LONDONON,0,1,5,0.0,0.2,0.0,0.0,0.558811604976654,-12.206077645517674,-1.9043175451185748,0.0,0.0,0.7080918880971524,-1.3484318060595457
JPN-2021-ODAKYU,60,319,580,0.10344827586206896,0.55,0.0,0.0,0.5898963212966919,-1.6708386921229645,0.5508612756400035,0.0,0.0,0.7474805394315132,0.4117580834673213
UK-2021-PLYMOUTH,15,213,413,0.03631961259079903,0.5157384987893463,0.0,0.0,0.5012202262878418,-2.653216370618174,0.3219236235471442,0.0,0.0,0.635115615395044,0.20445872027934697
NZL-2021-LYNNMALL,0,0,1,0.0,0.0,0.0,0.0,0.0,0.0,0.9402409364100551,0.0,0.0,0.0,0.0
RUS-2021-PERM,,,,0.5,0.5,0.0,0.0,0.0,0.0,0.9402409364100551,0.0,0.0,0.0,0.0
NOR-2021-KONGSBERG,0,0,2,0.0,0.0,0.0,0.0,0.0,0.0,0.9402409364100551,0.0,0.0,0.0,0.0
UK-2021-AMESS,,,,0.5,0.5,0.0,0.0,0.0,0.0,0.9402409364100551,0.0,0.0,0.0,0.0
JPN-2021-KEIO,9,60,119,0.07563025210084033,0.5042016806722689,0.0,0.0,0.5932128429412842,-1.8971087460824387,0.49813029851544627,0.0,0.0,0.7516830328162605,0.37443609352575985
UK-2021-LIVERPOOL,,,,0.5,0.5,0.0,0.0,0.0,0.0,0.9402409364100551,0.0,0.0,0.0,0.0
USA-2021-OXFORD,0,2,2,0.0,1.0,0.0,0.0,0.0,-13.815511557963774,-2.2793871636368173,0.0,0.0,0.0,-0.0
DEU-2022-VEREINTEPATRIOTEN,161,1114,1617,0.09956709956709957,0.6889301175015461,0.0,0.0,0.4758121073246002,-1.9342994635999196,0.48946320872453913,0.0,0.0,0.6029200010422776,0.2951071583143557
USA-2022-BUFFALO,1,1,9,0.1111111111111111,0.1111111111111111,0.0,0.0,0.517108678817749,0.0,0.9402409364100551,0.0,0.0,0.6552484906801126,0.6160914544583443
USA-2022-UVALDE,49,644,1064,0.046052631578947366,0.6052631578947368,0.0,0.0,0.5221100449562073,-2.5758583661163126,0.33995147608179577,0.0,0.0,0.6615859159599509,0.22490710868551217
NOR-2022-OSLOPRIDE,,,,0.5,0.5,0.0,0.0,0.0,0.0,0.9402409364100551,0.0,0.0,0.0,0.0
DNK-2022-COPENHAGEN,29,765,1011,0.028684470820969338,0.7566765578635015,0.0,0.0,0.4861322045326233,-3.2725464639465183,0.1775921912061415,0.0,0.0,0.6159969970321524,0.10939625647934298
USA-2022-HIGHLAND,,,,0.5,0.5,0.0,0.0,0.0,0.0,0.9402409364100551,0.0,0.0,0.0,0.0
JPN-2022-ABE,0,0,2,0.0,0.0,0.0,0.0,0.0,0.0,0.9402409364100551,0.0,0.0,0.0,0.0
CAN-2022-JAMESSMITH,105,336,790,0.13291139240506328,0.4253164556962025,0.0,0.0,0.5505535006523132,-1.163145637212173,0.6691763173184415,0.0,0.0,0.6976277233750006,0.4668359507873313
RUS-2022-IZHEVSK,0,6,8,0.0,0.75,0.0,0.0,0.6322762966156006,-13.527829818844937,-2.2123445349761757,0.0,0.0,0.8011818521347998,-1.7724902920925147
SVK-2022-BRATISLAVA,,,,0.5,0.5,0.0,0.0,0.0,0.0,0.9402409364100551,0.0,0.0,0.0,0.0
USA-2022-CLUBQ,20,328,643,0.03110419906687403,0.5101088646967341,0.0,0.0,0.5235307216644287,-2.7972511457108853,0.2883571206111665,0.0,0.0,0.6633861105939585,0.1912921087043147
USA-2022-CHESAPEAKE,47,1466,1798,0.02614015572858732,0.8153503893214683,0.0,0.0,0.49233415722846985,-3.440108252614929,0.1385428486589992,0.0,0.0,0.6238557321678958,0.08643075028678593
DEU-2022-REUSS,,,,0.5,0.5,0.0,0.0,0.0,0.0,0.9402409364100551,0.0,0.0,0.0,0.0
AUS-2022-WIEAMBILLA,106,2112,2773,0.03822574828705373,0.7616300036062027,0.0,0.0,0.49266278743743896,-2.9919267036515262,0.24298906499424006,0.0,0.0,0.6242721522692007,0.15169130658183494
USA-2023-MONTEREY,73,2320,3093,0.023601681215648238,0.7500808276753961,0.0,0.0,0.4899423122406006,-3.4588219877352944,0.13418171681110674,0.0,0.0,0.6208249324879808,0.0833033552803767
USA-2023-HALFMOONBAY,41,573,1010,0.040594059405940595,0.5673267326732673,0.0,0.0,0.567987859249115,-2.6372907788186573,0.32563499410714664,0.0,0.0,0.7197194762781779,0.23436584741664312
ESP-2023-ALGECIRAS,,,,0.5,0.5,0.0,0.0,0.0,0.0,0.9402409364100551,0.0,0.0,0.0,0.0
DEU-2023-BROKSTEDT,0,5,9,0.0,0.5555555555555556,0.0,0.0,0.5629695057868958,-13.227725693060535,-2.1424069382204123,0.0,0.0,0.713360525700639,-1.5283085397136098
USA-2023-NASHVILLE,59,754,1133,0.05207413945278023,0.6654898499558694,0.0,0.0,0.48624032735824585,-2.54783722354818,0.34648164744962867,0.0,0.0,0.6161340036638323,0.21347912463918017
USA-2023-LOUISVILLE,38,759,1017,0.03736479842674533,0.7463126843657817,0.0,0.0,0.5848425626754761,-2.9943901947895273,0.24241496209122068,0.0,0.0,0.7410767256019247,0.17964808634347654
JPN-2023-KISHIDA,24,218,370,0.06486486486486487,0.5891891891891892,0.0,0.0,0.541156530380249,-2.2064275131395785,0.4260452808806884,0.0,0.0,0.6857204573785889,0.292147964869495
USA-2023-ALLEN,45,552,1015,0.04433497536945813,0.5438423645320197,0.0,0.0,0.5098790526390076,-2.5068648399720184,0.3560300334745868,0.0,0.0,0.6460875505608473,0.23002657225369225
JPN-2023-NAGANO,47,326,656,0.07164634146341463,0.4969512195121951,0.0,0.0,0.5430840849876404,-1.9367378345751591,0.48889495993568455,0.0,0.0,0.6881629366850363,0.33643939135985385
FRA-2023-ANNECY,3,98,141,0.02127659574468085,0.6950354609929078,0.0,0.0,0.5465401411056519,-3.486309629881403,0.12777587474826765,0.0,0.0,0.6925422396203693,0.08849019046761708
UK-2023-NOTTINGHAM,,,,0.5,0.5,0.0,0.0,0.0,0.0,0.9402409364100551,0.0,0.0,0.0,0.0
NZL-2023-AUCKLANDCBD,50,694,1060,0.04716981132075472,0.6547169811320754,0.0,0.0,0.49498963356018066,-2.6304292826797306,0.32723402760544057,0.0,0.0,0.627220589362651,0.20524791965419845
KOR-2023-SILLIM,32,637,1005,0.031840796019900496,0.6338308457711442,0.0,0.0,0.49658337235450745,-2.9910039247223645,0.243204113489404,0.0,0.0,0.6292400776874428,0.15303377526597822
KOR-2023-BUNDANG,0,1,1,0.0,1.0,0.0,0.0,0.0,-13.815511557963774,-2.2793871636368173,0.0,0.0,0.0,-0.0
USA-2023-JACKSONVILLE,0,2,2,0.0,1.0,0.0,0.0,0.0,-13.815511557963774,-2.2793871636368173,0.0,0.0,0.0,-0.0
NLD-2023-ROTTERDAM,,,,0.5,0.5,0.0,0.0,0.0,0.0,0.9402409364100551,0.0,0.0,0.0,0.0
FRA-2023-ARRAS,,,,0.5,0.5,0.0,0.0,0.0,0.0,0.9402409364100551,0.0,0.0,0.0,0.0
BEL-2023-BRUSSELS,0,1,1,0.0,1.0,0.0,0.0,0.0,-13.815511557963774,-2.2793871636368173,0.0,0.0,0.0,-0.0
USA-2023-LEWISTON,42,993,1433,0.02930914166085136,0.6929518492672715,0.0,0.0,0.48794978857040405,-3.1630283703968973,0.2031147735568953,0.0,0.0,0.6183001283587489,0.1255858905617866
FRA-2023-CREPOL,0,22,27,0.0,0.8148148148148148,0.0,0.0,0.5167335867881775,-13.610717372590235,-2.2316610181959864,0.0,0.0,0.6547731970014128,-1.461231819507614
RUS-2023-BRYANSK,,,,0.5,0.5,0.0,0.0,0.0,0.0,0.9402409364100551,0.0,0.0,0.0,0.0
CZE-2023-PRAGUE,7,174,383,0.018276762402088774,0.45430809399477806,0.0,0.0,0.5114946365356445,-3.213092638517276,0.19144757442551483,0.0,0.0,0.6481347196632085,0.12408381998048229
FIN-2024-VIERTOLA,19,812,1009,0.018830525272547076,0.8047571853320119,0.0,0.0,0.5005286931991577,-3.7550094997521795,0.06515686510209885,0.0,0.0,0.6342393469602314,0.04132504757233107
AUS-2024-BONDI,0,1,3,0.0,0.3333333333333333,0.0,0.0,0.0,-12.716901269291665,-2.023362148452316,0.0,0.0,0.0,-0.0
AUS-2024-WAKELEY,6,819,1002,0.005988023952095809,0.8173652694610778,0.0,0.0,0.514815092086792,-4.916158852010437,-0.20544253088819414,0.0,0.0,0.652342197853739,-0.13401883213223922
UK-2024-HAINAULT,5,41,69,0.07246376811594203,0.5942028985507246,0.0,0.0,0.4619155526161194,-2.1041220372908396,0.44988700280675026,0.0,0.0,0.5853111368491571,0.2633238730664789
DEU-2024-MANNHEIM,1,19,25,0.04,0.76,0.0,0.0,0.5334746837615967,-2.944415295267543,0.25406133436798595,0.0,0.0,0.6759864911763274,0.17174202996299048
USA-2024-TAKHISTOV,12,341,418,0.028708133971291867,0.8157894736842105,0.0,0.0,0.5035885572433472,-3.3469422205745496,0.16025467405674676,0.0,0.0,0.6381166195313,0.10226117087318155
MEX-2024-UTEG,0,1,1,0.0,1.0,0.0,0.0,0.0,-13.815511557963774,-2.2793871636368173,0.0,0.0,0.0,-0.0
USA-2024-BUTLER,18,953,1010,0.01782178217821782,0.9435643564356435,0.0,0.0,0.5302159190177917,-3.9691880960316572,0.015243734913842871,0.0,0.0,0.6718571838037618,0.01024161280986555
UK-2024-SOUTHPORT,,,,0.5,0.5,0.0,0.0,0.0,0.0,0.9402409364100551,0.0,0.0,0.0,0.0
TUR-2024-ESKISEHIR,,,,0.5,0.5,0.0,0.0,0.0,0.0,0.9402409364100551,0.0,0.0,0.0,0.0
DEU-2024-SOLINGEN,,,,0.5,0.5,0.0,0.0,0.0,0.0,0.9402409364100551,0.0,0.0,0.0,0.0
USA-2024-APALACHEE,474,1072,2822,0.16796598157335224,0.3798724309000709,0.0,0.0,0.4698895215988159,-0.816070698826117,0.7500602006087161,0.0,0.0,0.5954152626445075,0.4465972913446307
DEU-2024-MUNICHCONSULATE,17,149,264,0.06439393939393939,0.5643939393939394,0.0,0.0,0.6504425406455994,-2.1707192044085692,0.4343669035519267,0.0,0.0,0.8242010054957484,0.35800563866157276
USA-2024-HUMBER,51,651,1013,0.050345508390918066,0.6426456071076012,0.0,0.0,0.5214446187019348,-2.546665703002785,0.3467546637944749,0.0,0.0,0.6607427285089729,0.2291156226787729
DEU-2024-SACHSISCHE,7,954,1000,0.007,0.954,0.0,0.0,0.5350390076637268,-4.914611723670705,-0.20508198123673327,0.0,0.0,0.6779687067487851,-0.13903916559654667
USA-2024-MADISON,,,,0.5,0.5,0.0,0.0,0.0,0.0,0.9402409364100551,0.0,0.0,0.0,0.0
DEU-2024-MAGDEBURG,,,,0.5,0.5,0.0,0.0,0.0,0.0,0.9402409364100551,0.0,0.0,0.0,0.0
USA-2025-NEWORLEANS,33,376,729,0.04526748971193416,0.5157750342935528,0.0,0.0,0.5583357214927673,-2.4330614300862314,0.37322950751147715,0.0,0.0,0.7074888776520961,0.2640557253759396
USA-2025-LASVEGAS,,,,0.5,0.5,0.0,0.0,0.0,0.0,0.9402409364100551,0.0,0.0,0.0,0.0
DEU-2025-ASCHAFFENBURG,,,,0.5,0.5,0.0,0.0,0.0,0.0,0.9402409364100551,0.0,0.0,0.0,0.0
USA-2025-ANTIOCH,66,544,1006,0.06560636182902585,0.5407554671968191,0.0,0.0,0.5161998271942139,-2.1092811117844352,0.44868470920074616,0.0,0.0,0.6540968494894539,0.29348325470229986
SWE-2025-OREBRO,23,269,498,0.04618473895582329,0.5401606425702812,0.0,0.0,0.5307011604309082,-2.459197363032583,0.3671386737568263,0.0,0.0,0.6724720520443935,0.2468904973261101
USA-2025-CASAP-WI,76,585,1000,0.076,0.585,0.0,0.0,0.5818740129470825,-2.040867058537601,0.46462822365893064,0.0,0.0,0.7373151609469167,0.3425774335075645
USA-2025-ALLEN-FL,46,1137,1523,0.030203545633617858,0.7465528562048588,0.0,0.0,0.48614001274108887,-3.2074753286028583,0.19275665724675178,0.0,0.0,0.6160068911163586,0.11873942917255309
USA-2025-FSU,1,29,38,0.02631578947368421,0.7631578947368421,0.0,0.0,0.5352194309234619,-3.367259141052425,0.15551992878129736,0.0,0.0,0.6781973280685728,0.10547320016089061
CAN-2025-VANCOUVER,,,,0.5,0.5,0.0,0.0,0.0,0.0,0.9402409364100551,0.0,0.0,0.0,0.0
AUT-2025-GRAZ,,,,0.5,0.5,0.0,0.0,0.0,0.0,0.9402409364100551,0.0,0.0,0.0,0.0
JPN-2025-YOKOHAMA,32,206,390,0.08205128205128205,0.5282051282051282,0.0,0.0,0.5396370887756348,-1.862129971766213,0.5062819072503976,0.0,0.0,0.6837951139084767,0.34619309443808644
USA-2025-MINNEAPOLIS,2,40,64,0.03125,0.625,0.0,0.0,0.5170460939407349,-2.9957018740647,0.24210928253423308,0.0,0.0,0.6551691869517422,0.15862254179142313
MEX-2025-CCHSUR,13,168,246,0.052845528455284556,0.6829268292682927,0.0,0.0,0.4991166591644287,-2.5589971633284803,0.3438808855769513,0.0,0.0,0.632450103793475,0.21748750177573495
RUS-2025-ODINTSOVO,1,92,108,0.009259259259259259,0.8518518518518519,0.0,0.0,0.5213590860366821,-4.521681756792975,-0.11351183869063379,0.0,0.0,0.6606343467468667,-0.07498981940142256
AUS-2025-BONDIBEACH,0,3,3,0.0,1.0,0.0,0.0,0.0,-13.815511557963774,-2.2793871636368173,0.0,0.0,0.0,-0.0
RUS-2026-ANAPA,12,291,395,0.030379746835443037,0.7367088607594937,0.0,0.0,0.5013688802719116,-3.188385058645962,0.19720553844328437,0.0,0.0,0.6353039806317637,0.12528546357564888
