case_id,subculture_tag,position
FIN-2007-JOKELA,columbine_fandom,0
JPN-2008-AKIHABARA,incel,0
FIN-2008-KAUHAJOKI,columbine_fandom,0
NOR-2011-BREIVIK,great_replacement,0
NOR-2011-BREIVIK,accelerationist,0
USA-2012-OAKCREEK,accelerationist,0
USA-2012-OAKCREEK,great_replacement,0
USA-2012-SANDYHOOK,columbine_fandom,0
USA-2014-ISLAVISTA,incel,0
FRA-2015-HEBDO,jihadist,0
FRA-2015-HEBDO,islamist,0
DNK-2015-COPENHAGEN,jihadist,0
DNK-2015-COPENHAGEN,islamist,0
USA-2015-CHARLESTON,accelerationist,0
USA-2015-CHARLESTON,great_replacement,0
SWE-2015-TROLLHATTAN,great_replacement,0
SWE-2015-TROLLHATTAN,accelerationist,0
FRA-2015-BATACLAN,jihadist,0
FRA-2015-BATACLAN,islamist,0
USA-2015-SANBERN,jihadist,0
TUR-2016-ANKARA,separatist,0
BEL-2016-BRUSSELS,jihadist,0
USA-2016-PULSE,jihadist,0
FRA-2016-MAGNANVILLE,jihadist,0
FRA-2016-NICE,jihadist,0
DEU-2016-MUNICH,great_replacement,0
DEU-2016-MUNICH,columbine_fandom,0
JPN-2016-SAGAMIHARA,great_replacement,0
JPN-2016-SAGAMIHARA,accelerationist,0
DEU-2016-BERLIN,jihadist,0
TUR-2017-REINA,jihadist,0
MEX-2017-MONTERREY,columbine_fandom,0
CAN-2017-QUEBEC,great_replacement,0
UK-2017-MANCHESTER,jihadist,0
UK-2017-LONDONBRIDGE,jihadist,0
UK-2017-FINSBURY,great_replacement,0
ESP-2017-BARCELONA,jihadist,0
ITA-2018-MACERATA,great_replacement,0
ITA-2018-MACERATA,neo_fascist,0
USA-2018-PARKLAND,columbine_fandom,0
USA-2018-PARKLAND,accelerationist,0
CAN-2018-TORONTO,incel,0
USA-2018-SANTAFE,columbine_fandom,0
BEL-2018-LIEGE,jihadist,0
RUS-2018-KERCH,kolumbayn,0
USA-2018-PITTSBURGH,accelerationist,0
USA-2018-PITTSBURGH,great_replacement,0
AUS-2018-BOURKE2,jihadist,0
FRA-2018-STRASBOURG,jihadist,0
USA-2019-HASSON,accelerationist,0
USA-2019-HASSON,great_replacement,0
NZL-2019-CHRISTCHURCH,accelerationist,0
NZL-2019-CHRISTCHURCH,great_replacement,0
NZL-2019-CHRISTCHURCH,ecofascist,0
NLD-2019-UTRECHT,jihadist,0
USA-2019-POWAY,accelerationist,0
USA-2019-STEM,columbine_fandom,0
USA-2019-ELPASO,accelerationist,0
USA-2019-ELPASO,great_replacement,0
USA-2019-CLIMO,accelerationist,0
USA-2019-CLIMO,atomwaffen,0
NOR-2019-BAERUM,accelerationist,0
NOR-2019-BAERUM,great_replacement,0
FIN-2019-KUOPIO,columbine_fandom,0
DEU-2019-HALLE,accelerationist,0
USA-2019-HOLZER,accelerationist,0
UK-2019-FISHMONGERS,jihadist,0
USA-2020-BASE,accelerationist,0
USA-2020-BASE,atomwaffen,0
UK-2020-STREATHAM,jihadist,0
DEU-2020-GRUPPES,accelerationist,0
DEU-2020-GRUPPES,great_replacement,0
DEU-2020-HANAU,great_replacement,0
USA-2020-MELZER,o9a,0
USA-2020-MELZER,accelerationist,0
UK-2020-READING,jihadist,0
USA-2020-WHITMER,accelerationist,0
USA-2020-WHITMER,sovereign_citizen,0
FRA-2020-PATY,jihadist,0
FRA-2020-PATY,islamist,0
FRA-2020-NICECHURCH,jihadist,0
AUT-2020-VIENNA,jihadist,0
USA-2021-ATLANTA,incel,0
USA-2021-ATLANTA,religious_purity,0
USA-2021-FEDEX,bronycon_farright,0
RUS-2021-KAZAN,kolumbayn,0
CAN-2021-LONDONON,accelerationist,0
CAN-2021-LONDONON,great_replacement,0
CAN-2021-LONDONON,incel,0
JPN-2021-ODAKYU,incel,0
UK-2021-PLYMOUTH,incel,0
NZL-2021-LYNNMALL,jihadist,0
RUS-2021-PERM,kolumbayn,0
UK-2021-AMESS,jihadist,0
UK-2021-LIVERPOOL,misc,0
DEU-2022-VEREINTEPATRIOTEN,reichsburger,0
DEU-2022-VEREINTEPATRIOTEN,sovereign_citizen,0
DEU-2022-VEREINTEPATRIOTEN,covid_conspiracist,0
USA-2022-BUFFALO,accelerationist,0
USA-2022-BUFFALO,great_replacement,0
NOR-2022-OSLOPRIDE,jihadist,0
USA-2022-HIGHLAND,misc,0
JPN-2022-ABE,misc,0
RUS-2022-IZHEVSK,kolumbayn,0
RUS-2022-IZHEVSK,accelerationist,0
SVK-2022-BRATISLAVA,accelerationist,0
SVK-2022-BRATISLAVA,great_replacement,0
SVK-2022-BRATISLAVA,terrorgram,0
USA-2022-CLUBQ,accelerationist,0
DEU-2022-REUSS,reichsburger,0
DEU-2022-REUSS,sovereign_citizen,0
DEU-2022-REUSS,covid_conspiracist,0
AUS-2022-WIEAMBILLA,sovereign_citizen,0
AUS-2022-WIEAMBILLA,premillennialist,0
AUS-2022-WIEAMBILLA,covid_conspiracist,0
DEU-2023-BROKSTEDT,jihadist,0
USA-2023-NASHVILLE,columbine_fandom,0
USA-2023-NASHVILLE,tcc,0
USA-2023-ALLEN,accelerationist,0
USA-2023-ALLEN,rwds,0
USA-2023-JACKSONVILLE,accelerationist,0
USA-2023-JACKSONVILLE,great_replacement,0
USA-2023-JACKSONVILLE,soyjak,0
FRA-2023-ARRAS,jihadist,0
BEL-2023-BRUSSELS,jihadist,0
RUS-2023-BRYANSK,kolumbayn,0
CZE-2023-PRAGUE,kolumbayn,0
CZE-2023-PRAGUE,columbine_fandom,0
AUS-2024-WAKELEY,jihadist,0
DEU-2024-MANNHEIM,jihadist,0
USA-2024-TAKHISTOV,accelerationist,0
USA-2024-TAKHISTOV,atomwaffen,0
USA-2024-TAKHISTOV,o9a,0
MEX-2024-UTEG,columbine_fandom,0
UK-2024-SOUTHPORT,misc,0
TUR-2024-ESKISEHIR,accelerationist,0
TUR-2024-ESKISEHIR,terrorgram,0
TUR-2024-ESKISEHIR,tcc,0
TUR-2024-ESKISEHIR,nve,0
DEU-2024-SOLINGEN,jihadist,0
USA-2024-APALACHEE,columbine_fandom,0
USA-2024-APALACHEE,tcc,0
DEU-2024-MUNICHCONSULATE,jihadist,0
USA-2024-HUMBER,accelerationist,0
USA-2024-HUMBER,terrorgram,0
DEU-2024-SACHSISCHE,accelerationist,0
DEU-2024-SACHSISCHE,atomwaffen,0
USA-2024-MADISON,columbine_fandom,0
USA-2024-MADISON,terrorgram,0
USA-2024-MADISON,tcc,0
USA-2024-MADISON,nve,0
DEU-2024-MAGDEBURG,misc,0
USA-2025-NEWORLEANS,jihadist,0
USA-2025-ANTIOCH,accelerationist,0
USA-2025-ANTIOCH,terrorgram,0
USA-2025-ANTIOCH,tcc,0
USA-2025-ANTIOCH,nve,0
USA-2025-ANTIOCH,groyper,0
USA-2025-CASAP-WI,accelerationist,0
USA-2025-CASAP-WI,tcc,0
USA-2025-CASAP-WI,nve,0
USA-2025-ALLEN-FL,accelerationist,0
USA-2025-ALLEN-FL,great_replacement,0
USA-2025-ALLEN-FL,terrorgram,0
USA-2025-FSU,misc,0
AUT-2025-GRAZ,columbine_fandom,0
JPN-2025-YOKOHAMA,misc,0
USA-2025-MINNEAPOLIS,columbine_fandom,0
USA-2025-MINNEAPOLIS,tcc,0
MEX-2025-CCHSUR,incel,0
RUS-2025-ODINTSOVO,accelerationist,0
RUS-2025-ODINTSOVO,kolumbayn,0
RUS-2025-ODINTSOVO,terrorgram,0
AUS-2025-BONDIBEACH,jihadist,0
RUS-2026-ANAPA,kolumbayn,0
RUS-2026-ANAPA,accelerationist,0
SVK-2022-BENADIK,accelerationist,0
SVK-2022-BENADIK,terrorgram,0
USA-2024-PAFFENDORF,accelerationist,0
USA-2024-PAFFENDORF,tcc,0
USA-2024-PAFFENDORF,nve,0
